<beans xmlns="http://www.springframework.org/schema/beans"
       xmlns:context="http://www.springframework.org/schema/context"
       xmlns:xsi="http://www.w3.org/2001/XMLSchema-instance"
       xsi:schemaLocation="
        http://www.springframework.org/schema/beans     
        http://www.springframework.org/schema/beans/spring-beans.xsd
        http://www.springframework.org/schema/context 
        http://www.springframework.org/schema/context/spring-context.xsd">

    <context:component-scan base-package="com.qqs.qqsoft.config;com.qqs.qqsoft.utils;com.qqs.posvcs">
            <context:exclude-filter type="regex" expression="com.qqs.qqsoft.db.config.*"/>
    </context:component-scan>

    <bean id="propertyConfigurer" class="org.springframework.beans.factory.config.PropertyPlaceholderConfigurer">
        <property name="locations">
            <list>
                <value>classpath:common.properties</value>
                <value>classpath:jpa.properties</value>
            </list>
        </property>
    </bean>

    <import resource="mt_beans.xml"/>

</beans>