<?xml version="1.0" encoding="UTF-8"?>
<configuration>
    <property name="LOG.DIR" value="/home/ec2-user/log/qqs"/>
    <appender name="STDOUT" class="ch.qos.logback.core.ConsoleAppender">
        <layout class="ch.qos.logback.classic.PatternLayout">
            <Pattern>
                %d{yyyy-MM-dd HH:mm:ss} [%thread] %-5level %logger{36} - %msg%n
            </Pattern>
        </layout>
    </appender>
    <appender name="FILEOUT" class="ch.qos.logback.core.rolling.RollingFileAppender">
        <file>${LOG.DIR}/log/qqs/qqscommons.log</file>
        <append>true</append>
        <immediateFlush>false</immediateFlush>
        <prudent>true</prudent>
        <rollingPolicy class="ch.qos.logback.core.rolling.TimeBasedRollingPolicy">
            <!-- daily rollover -->
            <fileNamePattern>${LOG.DIR}/qqscommons.%d{yyyy-MM-dd}.log</fileNamePattern>
            <maxHistory>30</maxHistory>
            <totalSizeCap>3GB</totalSizeCap>
        </rollingPolicy>
        <layout class="ch.qos.logback.classic.PatternLayout">
            <Pattern>
                %d{yyyy-MM-dd HH:mm:ss} [%thread] %-5level %logger{36} - %msg%n
            </Pattern>
        </layout>
    </appender>

    <logger name="com.qqs" level="debug" additivity="false">
        <appender-ref ref="STDOUT"/>
        <appender-ref ref="FILEOUT"/>
    </logger>


    <logger name="org.hibernate.SQL" additivity="false">
        <level value="DEBUG"/>
        <appender-ref ref="STDOUT"/>
        <appender-ref ref="FILEOUT"/>
    </logger>

    <logger name="org.hibernate.type" additivity="false">
        <level value="TRACE"/>
        <appender-ref ref="STDOUT"/>
        <appender-ref ref="FILEOUT"/>
    </logger>

    <logger name="org.springframework" additivity="false">
        <level value="INFO"/>
        <appender-ref ref="STDOUT"/>
        <appender-ref ref="FILEOUT"/>
    </logger>

    <root level="debug">
        <appender-ref ref="STDOUT"/>
        <appender-ref ref="FILEOUT"/>
    </root>

</configuration>