<?xml version="1.0" encoding="UTF-8"?>
<configuration>
    
	<appender name="STDOUT" class="ch.qos.logback.core.ConsoleAppender">
		<layout class="ch.qos.logback.classic.PatternLayout">

			<Pattern>
				%d{yyyy-MM-dd HH:mm:ss} [%thread] %-5level %logger{36} - %msg%n
			</Pattern>

		</layout>
	</appender>

	<logger name="com.qqs" level="debug" additivity="false">
		<appender-ref ref="STDOUT" />
	</logger>

	<logger name="org.hibernate.SQL" additivity="false" >
		<level value="DEBUG" />
		<appender-ref ref="STDOUT" />
	</logger>

	<logger name="org.hibernate.type" additivity="false" >
		<level value="TRACE" />
		<appender-ref ref="STDOUT" />
	</logger>

	<logger name="org.springframework" additivity="false" >
		<level value="INFO" />
		<appender-ref ref="STDOUT" />
	</logger>

	<root level="debug">
		<appender-ref ref="STDOUT" />
	</root>

</configuration>