<beans xmlns="http://www.springframework.org/schema/beans"
       xmlns:context="http://www.springframework.org/schema/context"
       xmlns:xsi="http://www.w3.org/2001/XMLSchema-instance" xmlns:mvc="http://www.springframework.org/schema/mvc"
       xsi:schemaLocation="http://www.springframework.org/schema/beans
        http://www.springframework.org/schema/beans/spring-beans.xsd
        http://www.springframework.org/schema/context
        http://www.springframework.org/schema/context/spring-context.xsd http://www.springframework.org/schema/mvc https://www.springframework.org/schema/mvc/spring-mvc.xsd">

    <!-- <mvc:annotation-driven content-negotiation-manager="contentNegotiationManager"/> -->
    <context:component-scan base-package="com.qqs.qqsoft"/>

    <!--
    <bean id="contentNegotiationManager" class="org.springframework.web.accept.ContentNegotiationManagerFactoryBean">
        <property name="mediaTypes">
            <value>
                json=application/json
                xml=application/xml
            </value>
        </property>
    </bean> -->

    <bean id="propertyConfigurer" class="org.springframework.context.support.PropertySourcesPlaceholderConfigurer">
        <property name="locations">
            <list>
                <value>classpath:common.properties</value>
                <value>classpath:jpa.properties</value>
            </list>
        </property>
    </bean>

    <import resource="view_beans.xml"/>

</beans>