<beans xmlns="http://www.springframework.org/schema/beans"
       xmlns:context="http://www.springframework.org/schema/context"
       xmlns:xsi="http://www.w3.org/2001/XMLSchema-instance"
       xsi:schemaLocation="
        http://www.springframework.org/schema/beans     
        http://www.springframework.org/schema/beans/spring-beans.xsd
        http://www.springframework.org/schema/context 
        http://www.springframework.org/schema/context/spring-context.xsd">

    <bean id="cacheManager" class="org.springframework.cache.ehcache.EhCacheCacheManager">
        <property name="cacheManager" ref="ehcache"/>
    </bean>
    <bean id="ehcache" class="org.springframework.cache.ehcache.EhCacheManagerFactoryBean">
        <property name="configLocation" value="classpath:ehcache.xml"/>
        <property name="shared" value="true"/>
    </bean>
    <bean id="ehCacheManager" class="org.ehcache.core.EhcacheManager">
        <constructor-arg ref="ehCacheConfig"/>
    </bean>
    <bean id="ehCacheConfig" class="org.ehcache.xml.XmlConfiguration">
        <constructor-arg value="classpath:ehcache.xml"/>
    </bean>
</beans>